time_s,pwave_sw_us,pwave_aic_us,Vp_sw_km,Vp_aic_km
0.115211,34.675,35.275,4.918032786885246,4.777070063694268
3.01892,35.45,35.3,4.737465455981049,4.771371769383698
6.08178,35.6,35.2,4.704037632301057,4.79424690371554
9.12512,35.25,35.15,4.782781984854523,4.805766920304365
12.1802,35.525,35.6,4.720692368214004,4.704037632301057
15.2713,35.4,35.3,4.748713889988128,4.771371769383698
18.343,35.125,34.875,4.811547714514834,4.870129870129869
21.3902,35.325,34.925,4.765687053216838,4.858299595141701
24.4492,35.325,35.175,4.765687053216838,4.8
27.5218,35.425,35.25,4.743083003952569,4.782781984854523
30.5905,35.4,35.025,4.748713889988128,4.8348106365834
33.6495,35.275,35.2,4.777070063694268,4.79424690371554
36.7026,35.225,35.25,4.788507581803669,4.782781984854523
39.8338,35.175,35.025,4.8,4.8348106365834
43.0216,35.125,35.2,4.811547714514834,4.79424690371554
46.1782,35.225,35.175,4.788507581803669,4.8
49.3065,34.925,34.85,4.858299595141701,4.876066639577407
52.4582,35.0,34.875,4.840661557079467,4.870129870129869
55.5953,35.275,35.0,4.777070063694268,4.840661557079467
58.665,34.575,34.675,4.942339373970344,4.918032786885246
61.6946,35.075,34.925,4.823151125401928,4.858299595141701
64.7741,35.1,34.875,4.817342432757928,4.870129870129869
67.9375,34.725,34.675,4.90596892886345,4.918032786885246
71.1205,34.85,34.875,4.876066639577407,4.870129870129869
74.2194,35.025,34.85,4.8348106365834,4.876066639577407
77.2638,34.4,34.725,4.985459077690069,4.90596892886345
80.3481,34.85,34.65,4.876066639577407,4.924086992203528
83.4832,35.025,35.05,4.8348106365834,4.828973843058349
86.6437,34.45,34.55,4.9730625777041,4.948453608247422
89.7983,34.775,34.725,4.893964110929852,4.90596892886345
92.952,35.0,34.7,4.840661557079467,4.911993450675397
96.0979,34.55,34.475,4.948453608247422,4.966887417218541
99.2876,34.7,34.575,4.911993450675397,4.942339373970344
102.413,34.575,34.45,4.942339373970344,4.9730625777041
105.448,34.15,34.475,5.0483803113167856,4.966887417218541
108.582,34.45,34.425,4.9730625777041,4.979253112033195
111.746,34.5,34.275,4.9607275733774285,5.016722408026755
114.872,34.225,34.175,5.029337803855824,5.042016806722689
118.018,34.625,34.525,4.930156121610517,4.95458298926507
121.152,34.45,34.4,4.9730625777041,4.985459077690069
124.208,34.4,34.35,4.985459077690069,4.997917534360682
127.262,33.975,34.375,5.0933786078098455,4.991680532445923
130.427,34.25,34.35,5.02302218501465,4.997917534360682
133.595,34.2,34.0,5.035669324381032,5.0869012293344635
136.733,33.975,33.9,5.0933786078098455,5.112910097997443
139.893,33.975,34.025,5.0933786078098455,5.080440304826419
143.031,33.775,33.775,5.145797598627787,5.145797598627787
146.134,33.475,33.725,5.226480836236933,5.159071367153912
149.191,33.3,33.725,5.2747252747252755,5.159071367153912
152.251,33.625,33.675,5.185825410544511,5.172413793103448
155.334,33.275,33.625,5.281690140845069,5.185825410544511
158.412,33.775,33.7,5.145797598627787,5.1657339647008165
161.557,33.7,33.5,5.1657339647008165,5.219660722053065
164.718,33.475,33.4,5.226480836236933,5.24704853519895
167.842,33.25,33.325,5.288673424416041,5.267778753292359
170.972,33.5,33.5,5.219660722053065,5.219660722053065
174.072,33.2,33.4,5.302695536897922,5.24704853519895
177.972,33.325,33.225,5.267778753292359,5.295675198587818
181.916,33.325,33.25,5.267778753292359,5.288673424416041
185.018,33.15,33.075,5.316792202038103,5.338078291814945
188.083,33.15,33.075,5.316792202038103,5.338078291814945
191.143,33.05,33.0,5.345211581291759,5.359535506922732
194.187,33.025,33.075,5.35236396074933,5.338078291814945
197.255,32.975,32.95,5.366726296958854,5.373936408419166
200.349,33.2,33.25,5.302695536897922,5.288673424416041
203.49,32.825,32.8,5.410279531109106,5.417607223476298
206.641,33.025,32.9,5.35236396074933,5.3884149079479124
209.718,32.95,33.0,5.373936408419166,5.359535506922732
212.77,32.85,32.975,5.402971634398917,5.366726296958854
215.812,32.95,32.85,5.373936408419166,5.402971634398917
218.849,32.175,32.6,5.607476635514019,5.476951163852122
221.905,32.1,31.925,5.631159080244015,5.687203791469193
224.943,32.6,32.5,5.476951163852122,5.507113354749884
228.011,32.625,32.675,5.469462169553326,5.454545454545454
232.054,32.625,32.475,5.469462169553326,5.514705882352939
236.093,32.5,32.45,5.507113354749884,5.522319374137136
239.176,32.35,32.2,5.552984729291993,5.599626691553895
242.208,32.325,32.225,5.560704355885076,5.59179869524697
245.24,32.275,32.325,5.576208178438661,5.560704355885076
248.375,31.675,32.3,5.769230769230767,5.568445475638051
251.531,32.2,32.2,5.599626691553895,5.599626691553895
255.522,32.275,32.075,5.576208178438661,5.6390977443609
259.549,32.1,32.0,5.631159080244015,5.663048607833883
262.746,31.8,32.05,5.727923627684962,5.647058823529412
265.908,32.0,31.975,5.663048607833883,5.671077504725897
269.038,31.9,31.85,5.695301376364498,5.711565920990004
272.195,32.025,31.825,5.655042412818095,5.719733079122974
275.382,31.7,31.65,5.760921747479596,5.777563793933558
278.498,31.575,31.725,5.802707930367504,5.752636625119845
281.569,31.95,31.9,5.679129200189305,5.695301376364498
284.688,31.875,31.825,5.703422053231939,5.719733079122974
287.81,31.625,31.65,5.785920925747346,5.777563793933558
291.713,31.675,31.8,5.769230769230767,5.727923627684962
296.179,31.65,31.725,5.777563793933558,5.752636625119845
299.85,31.6,31.275,5.794302269435054,5.905511811023621
302.921,31.525,31.475,5.819592628516003,5.83657587548638
305.993,31.55,31.575,5.8111380145278435,5.802707930367504
309.115,31.525,31.5,5.819592628516003,5.82807187955318
312.267,31.45,31.325,5.845104724792985,5.888125613346417
315.353,31.325,31.375,5.888125613346417,5.870841487279842
318.407,31.275,31.225,5.905511811023621,5.92300098716683
321.914,31.075,31.0,5.976095617529879,6.003001500750375
325.427,31.05,31.15,5.98503740648379,5.949429846306395
328.503,31.2,31.125,5.93178447849728,5.958291956305858
331.626,31.25,31.275,5.9142434696895005,5.905511811023621
334.814,31.025,31.325,5.994005994005993,5.888125613346417
337.908,30.925,30.925,6.030150753768843,6.030150753768843
340.931,30.95,30.9,6.021073758153536,6.039255158530447
343.958,31.025,31.05,5.994005994005993,5.98503740648379
347.003,30.975,30.95,6.012024048096191,6.021073758153536
350.117,31.0,31.0,6.003001500750375,6.003001500750375
353.2,30.825,31.025,6.066734074823052,5.994005994005993
356.229,30.875,30.875,6.048387096774192,6.048387096774192
359.288,30.825,30.4,6.066734074823052,6.227296315516346
362.435,30.5,30.725,6.188757091284166,6.10376398779247
365.591,30.775,30.8,6.085192697768762,6.075949367088606
368.713,30.6,30.55,6.150691952844692,6.169665809768636
371.803,30.625,30.875,6.1412487205731825,6.048387096774192
374.88,30.75,30.85,6.094464195022853,6.057546693589095
378.37,30.6,30.675,6.150691952844692,6.1224489795918355
381.859,30.575,30.65,6.160164271047227,6.131834440470105
385.008,30.65,30.4,6.131834440470105,6.227296315516346
388.184,30.375,30.55,6.237006237006236,6.169665809768636
391.27,30.225,30.5,6.295907660020984,6.188757091284166
394.302,30.425,30.55,6.217616580310879,6.169665809768636
397.338,30.225,30.35,6.295907660020984,6.246746486205099
400.381,30.475,30.45,6.198347107438014,6.207966890843248
403.525,30.3,30.225,6.266318537859006,6.295907660020984
406.678,30.325,30.375,6.256517205422314,6.237006237006236
409.827,30.35,30.35,6.246746486205099,6.246746486205099
412.963,30.175,30.025,6.315789473684208,6.376195536663124
416.094,30.175,30.2,6.315789473684208,6.30583289542827
419.245,30.1,30.0,6.345848757271284,6.386375731772217
422.303,30.15,30.2,6.32577754348972,6.30583289542827
425.371,29.925,29.975,6.41711229946524,6.396588486140723
428.526,30.125,30.125,6.335797254487855,6.335797254487855
431.652,29.775,30.05,6.4794816414686816,6.366047745358088
434.723,29.975,30.05,6.396588486140723,6.366047745358088
437.793,30.0,29.85,6.386375731772217,6.448146157979578
440.836,29.875,29.95,6.437768240343345,6.406833956219966
443.859,30.025,30.0,6.376195536663124,6.386375731772217
446.925,29.85,29.875,6.448146157979578,6.437768240343345
450.051,29.925,29.8,6.41711229946524,6.469002695417788
453.171,29.975,29.975,6.396588486140723,6.396588486140723
456.222,29.7,29.75,6.511123168746607,6.489994591671173
459.314,29.6,29.65,6.553795740032767,6.532389765922699
462.434,29.875,29.725,6.437768240343345,6.500541711809316
465.559,28.075,29.7,7.28155339805825,6.511123168746607
468.748,29.775,29.7,6.4794816414686816,6.511123168746607
471.9,29.675,29.45,6.521739130434781,6.618863761720903
474.977,29.55,29.6,6.575342465753423,6.553795740032767
478.101,29.575,29.65,6.564551422319473,6.532389765922699
481.24,29.6,29.525,6.553795740032767,6.586169045005487
484.309,29.5,29.5,6.597031335898843,6.597031335898843
487.387,29.6,29.55,6.553795740032767,6.575342465753423
490.5,29.4,29.325,6.640841173215272,6.674082313681867
493.594,29.575,29.475,6.564551422319473,6.6079295154185
496.729,29.425,29.375,6.629834254143644,6.651884700665187
499.911,29.4,29.375,6.640841173215272,6.651884700665187
503.067,29.45,29.375,6.618863761720903,6.651884700665187
506.23,29.35,29.4,6.662965019433646,6.640841173215272
509.388,29.325,29.375,6.674082313681867,6.651884700665187
512.53,29.35,29.475,6.662965019433646,6.6079295154185
515.661,29.35,29.4,6.662965019433646,6.640841173215272
518.837,29.375,29.325,6.651884700665187,6.674082313681867
522.778,29.4,29.25,6.640841173215272,6.707657909446617
526.696,29.225,29.2,6.718924972004477,6.730229949523275
529.825,29.15,29.175,6.75295441755768,6.741573033707863
532.882,29.275,29.225,6.69642857142857,6.718924972004477
535.92,29.05,29.0,6.798866855524078,6.822057987492892
538.978,29.1,29.0,6.7758328627893825,6.822057987492892
542.041,29.225,29.1,6.718924972004477,6.7758328627893825
545.118,29.125,29.1,6.764374295377675,6.7758328627893825
548.281,29.0,28.875,6.822057987492892,6.880733944954127
551.45,29.1,29.0,6.7758328627893825,6.822057987492892
554.51,29.2,29.075,6.730229949523275,6.7873303167420795
557.614,28.875,29.05,6.880733944954127,6.798866855524078
560.795,28.95,28.825,6.8454078722190514,6.9044879171461435
563.932,29.0,28.975,6.822057987492892,6.833712984054666
567.009,28.875,28.85,6.880733944954127,6.892590465249854
570.067,28.925,28.975,6.857142857142855,6.833712984054666
573.192,29.0,28.825,6.822057987492892,6.9044879171461435
576.328,29.075,28.95,6.7873303167420795,6.8454078722190514
579.435,28.8,28.925,6.916426512968298,6.857142857142855
582.5,28.925,28.7,6.857142857142855,6.964596633778292
585.515,28.925,28.875,6.857142857142855,6.880733944954127
588.587,28.7,28.65,6.964596633778292,6.9889341875364
591.672,28.8,28.7,6.916426512968298,6.964596633778292
594.787,28.825,28.6,6.9044879171461435,7.013442431326707
597.93,28.7,28.6,6.964596633778292,7.013442431326707
601.042,28.75,28.65,6.94042799305957,6.9889341875364
604.188,28.775,28.775,6.9284064665127,6.9284064665127
607.349,28.7,28.825,6.964596633778292,6.9044879171461435
610.436,28.625,28.775,7.001166861143522,6.9284064665127
613.472,28.775,28.65,6.9284064665127,6.9889341875364
616.539,28.725,28.75,6.952491309385861,6.94042799305957
619.695,28.65,28.675,6.9889341875364,6.97674418604651
622.892,28.625,28.575,7.001166861143522,7.025761124121778
626.034,28.4,28.325,7.1132187314759925,7.151370679380213
629.137,28.525,28.4,7.050528789659222,7.1132187314759925
632.194,28.55,28.575,7.0381231671554225,7.025761124121778
635.244,28.575,28.5,7.025761124121778,7.062978222483812
638.377,28.6,28.375,7.013442431326707,7.125890736342041
641.476,28.475,28.45,7.075471698113205,7.088009450679267
644.524,28.475,28.375,7.075471698113205,7.125890736342041
647.67,28.55,28.475,7.0381231671554225,7.075471698113205
650.837,28.65,28.25,6.9889341875364,7.1899340922708195
654.023,28.15,28.225,7.2420036210018095,7.202881152460981
657.151,28.5,28.225,7.062978222483812,7.202881152460981
660.21,28.4,28.225,7.1132187314759925,7.202881152460981
663.357,28.25,28.325,7.1899340922708195,7.151370679380213
666.541,28.275,28.425,7.177033492822966,7.100591715976329
669.633,28.35,28.225,7.138607971445565,7.202881152460981
672.696,28.175,28.275,7.2289156626506,7.177033492822966
675.847,28.3,28.3,7.16417910447761,7.16417910447761
678.948,28.35,28.15,7.138607971445565,7.2420036210018095
681.997,28.325,28.25,7.151370679380213,7.1899340922708195
685.14,28.2,28.125,7.215874924834635,7.255139056831921
688.319,28.25,28.25,7.1899340922708195,7.1899340922708195
691.439,28.3,28.15,7.16417910447761,7.2420036210018095
694.562,28.325,28.1,7.151370679380213,7.268322228952148
697.716,28.325,28.1,7.151370679380213,7.268322228952148
700.86,28.275,28.05,7.177033492822966,7.294832826747718
704.021,28.3,28.075,7.16417910447761,7.28155339805825
707.132,28.1,28.05,7.268322228952148,7.294832826747718
710.174,28.225,28.1,7.202881152460981,7.268322228952148
713.277,28.15,28.0,7.2420036210018095,7.321537522879803
716.411,28.225,28.15,7.202881152460981,7.2420036210018095
719.559,28.125,28.05,7.255139056831921,7.294832826747718
722.72,28.175,27.975,7.2289156626506,7.334963325183371
725.808,28.0,27.95,7.321537522879803,7.348438456827923
728.934,28.125,28.05,7.255139056831921,7.294832826747718
732.08,28.15,28.05,7.2420036210018095,7.294832826747718
735.242,28.125,28.0,7.255139056831921,7.321537522879803
738.454,28.125,27.975,7.255139056831921,7.334963325183371
741.595,28.075,27.85,7.28155339805825,7.402837754472546
744.643,28.075,27.925,7.28155339805825,7.3619631901840465
747.674,28.05,27.875,7.294832826747718,7.389162561576352
750.712,28.125,27.825,7.255139056831921,7.41656365883807
753.757,28.0,27.925,7.321537522879803,7.3619631901840465
756.84,27.975,27.925,7.334963325183371,7.3619631901840465
759.913,28.075,27.9,7.28155339805825,7.375537799631222
762.975,27.95,27.875,7.348438456827923,7.389162561576352
766.043,28.0,27.8,7.321537522879803,7.43034055727554
769.188,27.925,27.8,7.3619631901840465,7.43034055727554
772.38,27.85,27.775,7.402837754472546,7.444168734491314
775.526,27.925,27.75,7.3619631901840465,7.4580484773151
778.644,27.85,27.725,7.402837754472546,7.471980074719798
781.799,28.0,27.85,7.321537522879803,7.402837754472546
784.978,27.9,27.775,7.375537799631222,7.444168734491314
788.149,27.925,27.875,7.3619631901840465,7.389162561576352
791.324,27.8,27.8,7.43034055727554,7.43034055727554
794.457,27.875,27.775,7.389162561576352,7.444168734491314
797.593,27.95,27.775,7.348438456827923,7.444168734491314
800.765,27.925,27.725,7.3619631901840465,7.471980074719798
803.933,27.875,27.75,7.389162561576352,7.4580484773151
807.067,27.8,27.725,7.43034055727554,7.471980074719798
810.191,27.925,27.65,7.3619631901840465,7.514088916718847
813.259,27.8,27.725,7.43034055727554,7.471980074719798
816.319,27.85,27.75,7.402837754472546,7.4580484773151
819.467,27.8,27.65,7.43034055727554,7.514088916718847
822.588,27.8,27.65,7.43034055727554,7.514088916718847
825.719,27.725,27.7,7.471980074719798,7.4859638178415455
828.881,27.725,27.55,7.471980074719798,7.57097791798107
832.044,27.675,27.675,7.499999999999997,7.499999999999997
835.197,27.75,27.6,7.4580484773151,7.542426147077307
838.369,27.775,27.7,7.444168734491314,7.4859638178415455
841.505,27.725,27.625,7.471980074719798,7.528230865746548
844.553,27.65,27.55,7.514088916718847,7.57097791798107
847.664,27.65,27.6,7.514088916718847,7.542426147077307
850.825,27.8,27.625,7.43034055727554,7.528230865746548
853.956,27.6,27.525,7.542426147077307,7.585335018963336
857.022,27.7,27.525,7.4859638178415455,7.585335018963336
860.064,27.65,27.675,7.514088916718847,7.499999999999997
863.141,27.625,27.55,7.528230865746548,7.57097791798107
866.195,27.575,27.55,7.55667506297229,7.57097791798107
869.267,27.675,27.525,7.499999999999997,7.585335018963336
872.406,27.6,27.6,7.542426147077307,7.542426147077307
875.561,27.55,27.45,7.57097791798107,7.628734901462172
878.695,27.525,27.475,7.585335018963336,7.614213197969541
881.841,27.575,27.375,7.55667506297229,7.672634271099742
885.049,27.525,27.4,7.585335018963336,7.657945118059986
888.182,27.575,27.45,7.55667506297229,7.628734901462172
891.289,27.525,27.35,7.585335018963336,7.687379884689299
894.462,27.5,27.325,7.599746675110827,7.7021822849807435
897.592,27.55,27.475,7.57097791798107,7.614213197969541
900.708,27.525,27.4,7.585335018963336,7.657945118059986
903.891,27.525,27.45,7.585335018963336,7.628734901462172
907.016,27.575,27.4,7.55667506297229,7.657945118059986
910.092,27.625,27.375,7.528230865746548,7.672634271099742
913.245,27.45,27.325,7.628734901462172,7.7021822849807435
916.392,27.45,27.35,7.628734901462172,7.687379884689299
919.532,27.5,27.375,7.599746675110827,7.672634271099742
922.703,27.45,27.35,7.628734901462172,7.687379884689299
925.872,27.425,27.275,7.6433121019108246,7.731958762886595
929.022,27.45,27.275,7.628734901462172,7.731958762886595
932.167,27.425,27.3,7.6433121019108246,7.717041800643083
935.313,27.375,27.45,7.672634271099742,7.628734901462172
938.465,27.375,27.225,7.672634271099742,7.761966364812416
941.635,27.5,27.275,7.599746675110827,7.731958762886595
944.742,27.45,27.35,7.628734901462172,7.687379884689299
947.765,27.325,27.3,7.7021822849807435,7.717041800643083
950.806,27.425,27.3,7.6433121019108246,7.717041800643083
953.889,27.35,27.275,7.687379884689299,7.731958762886595
957.045,27.325,27.25,7.7021822849807435,7.746933505487409
960.197,27.275,27.15,7.731958762886595,7.8074170461938825
963.306,27.45,27.35,7.628734901462172,7.687379884689299
966.46,27.4,27.3,7.657945118059986,7.717041800643083
969.569,27.4,27.3,7.657945118059986,7.717041800643083
972.641,27.375,27.25,7.672634271099742,7.746933505487409
975.806,27.375,27.175,7.672634271099742,7.7922077922077895
978.946,27.325,27.225,7.7021822849807435,7.761966364812416
982.102,27.3,27.275,7.717041800643083,7.731958762886595
985.297,27.325,27.225,7.7021822849807435,7.761966364812416
988.432,27.3,27.1,7.717041800643083,7.838014369693007
991.581,27.475,27.175,7.614213197969541,7.7922077922077895
994.717,27.375,27.25,7.672634271099742,7.746933505487409
997.776,27.25,27.15,7.746933505487409,7.8074170461938825
1000.83,27.225,27.15,7.761966364812416,7.8074170461938825
1003.91,27.2,27.15,7.777057679844457,7.8074170461938825
1006.97,27.35,27.175,7.687379884689299,7.7922077922077895
1010.03,27.3,27.175,7.717041800643083,7.7922077922077895
1013.06,27.3,27.175,7.717041800643083,7.7922077922077895
1016.11,27.35,27.2,7.687379884689299,7.777057679844457
1019.24,27.375,27.225,7.672634271099742,7.761966364812416
1022.45,27.3,27.2,7.717041800643083,7.777057679844457
1025.61,27.4,27.275,7.657945118059986,7.731958762886595
1028.66,27.3,27.125,7.717041800643083,7.822685788787481
1031.7,27.275,27.15,7.731958762886595,7.8074170461938825
1034.75,27.3,27.15,7.717041800643083,7.8074170461938825
1037.78,27.3,27.225,7.717041800643083,7.761966364812416
1040.85,27.175,27.125,7.7922077922077895,7.822685788787481
1043.98,27.3,27.175,7.717041800643083,7.7922077922077895
1047.11,27.3,27.125,7.717041800643083,7.822685788787481
1050.21,27.225,27.125,7.761966364812416,7.822685788787481
1053.26,27.3,27.125,7.717041800643083,7.822685788787481
1056.3,27.3,27.15,7.717041800643083,7.8074170461938825
1059.4,27.3,27.225,7.717041800643083,7.761966364812416
1062.54,27.325,27.075,7.7021822849807435,7.853403141361254
1065.67,27.3,27.075,7.717041800643083,7.853403141361254
1068.87,27.225,27.15,7.761966364812416,7.8074170461938825
1072.03,27.2,27.1,7.777057679844457,7.838014369693007
1075.17,27.375,27.25,7.672634271099742,7.746933505487409
1078.35,27.275,27.15,7.731958762886595,7.8074170461938825
1081.46,27.2,27.075,7.777057679844457,7.853403141361254
1084.6,27.325,27.1,7.7021822849807435,7.838014369693007
1087.74,27.275,27.2,7.731958762886595,7.777057679844457
1090.9,27.25,27.125,7.746933505487409,7.822685788787481
1094.06,27.275,27.075,7.731958762886595,7.853403141361254
1097.2,27.3,27.25,7.717041800643083,7.746933505487409
1100.37,27.25,27.125,7.746933505487409,7.822685788787481
1103.51,27.25,27.125,7.746933505487409,7.822685788787481
1106.6,27.275,27.125,7.731958762886595,7.822685788787481
1109.68,27.25,27.15,7.746933505487409,7.8074170461938825
1112.79,27.325,27.2,7.7021822849807435,7.777057679844457
1115.95,27.275,27.15,7.731958762886595,7.8074170461938825
1119.07,27.3,27.175,7.717041800643083,7.7922077922077895
1122.12,27.225,27.2,7.761966364812416,7.777057679844457
1125.18,27.325,27.125,7.7021822849807435,7.822685788787481
1128.25,27.3,27.125,7.717041800643083,7.822685788787481
1131.3,27.325,27.15,7.7021822849807435,7.8074170461938825
1134.32,27.25,27.175,7.746933505487409,7.7922077922077895
1137.35,27.2,27.1,7.777057679844457,7.838014369693007
1140.38,27.275,27.075,7.731958762886595,7.853403141361254
1143.4,27.35,27.1,7.687379884689299,7.838014369693007
1146.43,27.325,27.15,7.7021822849807435,7.8074170461938825
1149.5,27.25,27.075,7.746933505487409,7.853403141361254
1152.55,27.275,27.175,7.731958762886595,7.7922077922077895
1155.62,27.2,27.075,7.777057679844457,7.853403141361254
1158.72,27.3,27.1,7.717041800643083,7.838014369693007
1161.8,27.225,27.2,7.761966364812416,7.777057679844457
1164.86,27.225,27.075,7.761966364812416,7.853403141361254
1167.91,27.125,27.1,7.822685788787481,7.838014369693007
1171.02,27.25,27.075,7.746933505487409,7.853403141361254
1174.14,27.2,27.175,7.777057679844457,7.7922077922077895
1177.21,27.275,27.075,7.731958762886595,7.853403141361254
1180.32,27.15,27.0,7.8074170461938825,7.899934167215271
1183.49,27.175,27.1,7.7922077922077895,7.838014369693007
1186.67,27.15,27.025,7.8074170461938825,7.88436268068331
1189.81,27.25,27.1,7.746933505487409,7.838014369693007
1192.95,27.175,27.1,7.7922077922077895,7.838014369693007
1196.04,27.225,27.0,7.761966364812416,7.899934167215271
1199.11,27.325,27.125,7.7021822849807435,7.822685788787481
1202.17,27.2,27.2,7.777057679844457,7.777057679844457
1205.29,27.175,27.025,7.7922077922077895,7.88436268068331
1208.43,27.2,27.1,7.777057679844457,7.838014369693007
1211.57,27.175,27.075,7.7922077922077895,7.853403141361254
1214.69,27.15,26.975,7.8074170461938825,7.915567282321896
1217.75,27.125,27.0,7.822685788787481,7.899934167215271
1220.89,27.25,27.025,7.746933505487409,7.88436268068331
1224.04,27.225,27.125,7.761966364812416,7.822685788787481
1227.12,27.2,27.075,7.777057679844457,7.853403141361254
1230.27,27.175,27.05,7.7922077922077895,7.868852459016391
1233.42,27.15,27.025,7.8074170461938825,7.88436268068331
1236.55,27.15,27.125,7.8074170461938825,7.822685788787481
1239.62,27.2,27.0,7.777057679844457,7.899934167215271
1242.68,27.1,27.1,7.838014369693007,7.838014369693007
1245.82,27.1,27.075,7.838014369693007,7.853403141361254
1249.03,27.175,26.925,7.7922077922077895,7.947019867549666
1252.14,27.2,26.925,7.777057679844457,7.947019867549666
1255.2,27.125,27.0,7.822685788787481,7.899934167215271
1258.34,27.1,26.975,7.838014369693007,7.915567282321896
1261.5,27.175,26.95,7.7922077922077895,7.9312623925974854
1264.66,27.15,26.95,7.8074170461938825,7.9312623925974854
1267.8,27.2,26.925,7.777057679844457,7.947019867549666
1270.91,27.15,26.975,7.8074170461938825,7.915567282321896
1274.0,27.05,26.875,7.868852459016391,7.978723404255318
1277.03,27.125,27.075,7.822685788787481,7.853403141361254
1280.07,27.1,26.9,7.838014369693007,7.9628400796284
1283.13,27.1,26.95,7.838014369693007,7.9312623925974854
1286.21,27.125,27.0,7.822685788787481,7.899934167215271
1289.27,27.15,26.9,7.8074170461938825,7.9628400796284
1292.3,27.1,26.9,7.838014369693007,7.9628400796284
1295.32,27.125,26.975,7.822685788787481,7.915567282321896
1298.35,27.1,26.95,7.838014369693007,7.9312623925974854
1301.4,27.1,26.925,7.838014369693007,7.947019867549666
1304.55,27.075,26.925,7.853403141361254,7.947019867549666
1307.72,27.175,26.875,7.7922077922077895,7.978723404255318
1310.83,27.1,26.925,7.838014369693007,7.947019867549666
1313.89,27.125,27.075,7.822685788787481,7.853403141361254
1316.95,27.025,26.925,7.88436268068331,7.947019867549666
1320.01,27.075,26.875,7.853403141361254,7.978723404255318
1323.03,27.1,26.9,7.838014369693007,7.9628400796284
1326.07,27.15,26.875,7.8074170461938825,7.978723404255318
1329.1,27.075,26.9,7.853403141361254,7.9628400796284
1332.17,27.125,26.825,7.822685788787481,8.010680907877166
1335.24,27.1,26.9,7.838014369693007,7.9628400796284
1338.25,27.075,26.975,7.853403141361254,7.915567282321896
1341.35,26.975,26.925,7.915567282321896,7.947019867549666
1344.47,27.075,26.95,7.853403141361254,7.9312623925974854
1347.62,27.05,26.875,7.868852459016391,7.978723404255318
1350.83,27.1,26.975,7.838014369693007,7.915567282321896
1353.97,27.05,26.925,7.868852459016391,7.947019867549666
1357.06,27.125,26.95,7.822685788787481,7.9312623925974854
1360.13,27.1,27.0,7.838014369693007,7.899934167215271
1363.18,27.05,26.8,7.868852459016391,8.026755852842806
1366.31,27.05,26.85,7.868852459016391,7.994670219853429
1369.48,27.1,26.85,7.838014369693007,7.994670219853429
1372.55,27.025,26.875,7.88436268068331,7.978723404255318
1375.6,27.075,26.925,7.853403141361254,7.947019867549666
1378.72,27.0,26.9,7.899934167215271,7.9628400796284
1381.84,27.025,26.925,7.88436268068331,7.947019867549666
1384.88,27.1,26.925,7.838014369693007,7.947019867549666
1387.98,27.075,26.875,7.853403141361254,7.978723404255318
1391.16,27.125,26.95,7.822685788787481,7.9312623925974854
1394.34,27.1,26.95,7.838014369693007,7.9312623925974854
1397.49,27.1,26.825,7.838014369693007,8.010680907877166
1400.65,27.075,26.975,7.853403141361254,7.915567282321896
1403.79,27.075,26.875,7.853403141361254,7.978723404255318
1406.85,27.1,26.9,7.838014369693007,7.9628400796284
1409.9,27.125,26.9,7.822685788787481,7.9628400796284
1412.95,27.025,26.85,7.88436268068331,7.994670219853429
1415.98,27.075,26.925,7.853403141361254,7.947019867549666
1419.02,27.075,26.875,7.853403141361254,7.978723404255318
1422.04,27.05,26.975,7.868852459016391,7.915567282321896
1425.1,27.1,26.925,7.838014369693007,7.947019867549666
1428.19,27.1,26.95,7.838014369693007,7.9312623925974854
1431.28,27.025,26.85,7.88436268068331,7.994670219853429
1434.43,27.075,26.875,7.853403141361254,7.978723404255318
1437.58,27.075,26.85,7.853403141361254,7.994670219853429
1440.71,27.025,26.9,7.88436268068331,7.9628400796284
1443.86,27.0,26.875,7.899934167215271,7.978723404255318
1447.03,27.1,26.825,7.838014369693007,8.010680907877166
1450.2,27.05,26.95,7.868852459016391,7.9312623925974854
1453.33,27.05,26.9,7.868852459016391,7.9628400796284
1456.51,27.075,26.875,7.853403141361254,7.978723404255318
1459.64,27.075,26.825,7.853403141361254,8.010680907877166
1462.7,27.1,26.975,7.838014369693007,7.915567282321896
1465.83,27.1,27.0,7.838014369693007,7.899934167215271
1469.05,27.125,26.925,7.822685788787481,7.947019867549666
1472.2,27.125,26.925,7.822685788787481,7.947019867549666
1475.27,27.075,26.85,7.853403141361254,7.994670219853429
1478.32,27.075,27.025,7.853403141361254,7.88436268068331
1481.33,27.1,26.925,7.838014369693007,7.947019867549666
1484.37,27.225,27.0,7.761966364812416,7.899934167215271
1487.4,27.1,27.025,7.838014369693007,7.88436268068331
1490.48,27.1,26.9,7.838014369693007,7.9628400796284
1493.61,27.1,27.0,7.838014369693007,7.899934167215271
1496.76,27.075,26.85,7.853403141361254,7.994670219853429
1499.89,27.075,26.925,7.853403141361254,7.947019867549666
1503.02,27.075,26.925,7.853403141361254,7.947019867549666
1506.17,27.175,26.95,7.7922077922077895,7.9312623925974854
1509.33,27.1,26.875,7.838014369693007,7.978723404255318
1512.45,27.1,26.925,7.838014369693007,7.947019867549666
1515.48,27.1,26.95,7.838014369693007,7.9312623925974854
1518.51,27.1,26.825,7.838014369693007,8.010680907877166
1521.55,27.2,27.025,7.777057679844457,7.88436268068331
1524.62,27.075,27.05,7.853403141361254,7.868852459016391
1527.73,27.225,27.025,7.761966364812416,7.88436268068331
1530.89,27.15,26.975,7.8074170461938825,7.915567282321896
1534.07,27.175,26.975,7.7922077922077895,7.915567282321896
1537.25,27.2,27.0,7.777057679844457,7.899934167215271
1540.38,27.125,27.0,7.822685788787481,7.899934167215271
1543.44,27.15,27.025,7.8074170461938825,7.88436268068331
1546.5,27.5,27.25,7.599746675110827,7.746933505487409
1549.63,27.25,27.175,7.746933505487409,7.7922077922077895
1552.8,27.2,27.05,7.777057679844457,7.868852459016391
1555.97,27.175,27.0,7.7922077922077895,7.899934167215271
1559.14,27.375,27.2,7.672634271099742,7.777057679844457
1562.27,27.75,27.45,7.4580484773151,7.628734901462172
1565.4,33.6,33.075,5.192557334487233,5.338078291814945
1568.53,47.85,44.3,2.9843322556577965,3.337969401947149
1571.69,44.95,43.425,3.26708412741628,3.4383954154727796
1574.9,40.825,43.7,3.775959723096286,3.406187908032926
1578.06,44.15,43.525,3.35476656415991,3.426613363792119
1581.2,44.1,43.275,3.3604032483898063,3.456221198156682
1584.28,44.275,40.825,3.3407572383073494,3.775959723096286
1587.31,43.95,43.225,3.3774275260343365,3.4622042700519327
1590.36,43.925,40.175,3.380281690140845,3.870967741935484
1593.39,43.725,40.675,3.4032898468519566,3.79746835443038
1596.43,40.425,43.4,3.8338658146964857,3.441353599082306
1599.51,40.275,40.725,3.8560411311053984,3.7902716361339226
1602.6,39.575,43.75,3.9630118890356663,3.400396712949844
1605.65,43.75,43.425,3.400396712949844,3.4383954154727796
1608.72,43.8,43.425,3.3946251768033946,3.4383954154727796
1611.86,43.9,41.025,3.3831406822667045,3.747657713928794
1614.99,40.925,43.2,3.7617554858934175,3.4652035807103663
1618.04,43.75,43.225,3.400396712949844,3.4622042700519327
1621.12,39.125,43.5,4.034969737726967,3.4295513003715343
1624.27,44.125,43.125,3.357582540570789,3.4742327735958307
1627.38,38.875,40.125,4.076086956521738,3.8784744667097604
1630.49,44.15,39.875,3.35476656415991,3.916449086161879
1633.67,43.95,40.475,3.3774275260343365,3.8265306122448974
1636.81,44.15,43.3,3.35476656415991,3.4532374100719427
1639.95,40.35,40.15,3.8449214995193843,3.874717468517921
1643.09,44.175,40.025,3.35195530726257,3.8935756002595716
1646.24,38.925,40.325,4.067796610169491,3.848620910840282
1649.42,39.4,43.15,3.990688393747921,3.4712178189181366
1652.54,40.975,39.675,3.754693366708385,3.947368421052632
1655.69,43.625,39.975,3.414911781445646,3.901170351105331
1658.85,39.675,40.3,3.947368421052632,3.852327447833066
1661.97,43.5,40.25,3.4295513003715343,3.8597619813444837
1665.11,43.775,39.55,3.3975084937712343,3.9669421487603307
1668.22,39.275,40.15,4.0106951871657746,3.874717468517921
1671.35,39.825,39.65,3.924133420536297,3.9512676983865656
1674.48,39.425,40.5,3.98671096345515,3.822873526600828
1677.61,40.525,39.65,3.819223424570337,3.9512676983865656
1680.76,40.15,40.05,3.874717468517921,3.889789303079416
1683.82,40.325,40.275,3.848620910840282,3.8560411311053984
1686.88,43.725,43.3,3.4032898468519566,3.4532374100719427
1690.02,39.35,43.225,3.9986671109630114,3.4622042700519327
1693.17,43.6,39.775,3.417829678154372,3.9318479685452163
1696.33,43.6,43.3,3.417829678154372,3.4532374100719427
1699.47,43.95,42.95,3.3774275260343365,3.4954849985435477
1702.53,43.65,43.35,3.4119988626670454,3.447285262855501
1705.58,43.675,40.35,3.409090909090909,3.8449214995193843
1708.68,39.625,40.525,3.9551746868820037,3.819223424570337
1711.76,39.65,39.95,3.9512676983865656,3.904978848031239
1714.83,39.85,40.6,3.920287487749101,3.808314820691843
1717.91,43.6,40.35,3.417829678154372,3.8449214995193843
1720.94,43.9,40.025,3.3831406822667045,3.8935756002595716
1723.99,39.025,40.175,4.051316677920324,3.870967741935484
1727.03,39.05,40.225,4.0472175379426645,3.8634900193174495
1730.12,43.65,43.225,3.4119988626670454,3.4622042700519327
