time_s,pwave_sw_us,pwave_aic_us,travel_aic_us,Vp_sw_km,Vp_aic_km
0.115211,34.675,35.275,26.625,3.842459173871278,3.755868544600939
3.01892,35.45,35.3,26.65,3.731343283582089,3.7523452157598505
6.08178,35.6,35.2,26.550000000000004,3.710575139146568,3.766478342749529
9.12512,35.25,35.15,26.5,3.7593984962406015,3.7735849056603774
12.1802,35.525,35.6,26.950000000000003,3.72093023255814,3.710575139146568
15.2713,35.4,35.3,26.65,3.738317757009346,3.7523452157598505
18.343,35.125,34.875,26.225,3.7771482530689333,3.8131553860819833
21.3902,35.325,34.925,26.275,3.7488284910965315,3.8058991436726934
24.4492,35.325,35.175,26.525,3.7488284910965315,3.7700282752120646
27.5218,35.425,35.25,26.6,3.73482726423903,3.7593984962406015
30.5905,35.4,35.025,26.375,3.738317757009346,3.7914691943127967
33.6495,35.275,35.2,26.550000000000004,3.755868544600939,3.766478342749529
36.7026,35.225,35.25,26.6,3.762935089369708,3.7593984962406015
39.8338,35.175,35.025,26.375,3.7700282752120646,3.7914691943127967
43.0216,35.125,35.2,26.550000000000004,3.7771482530689333,3.766478342749529
46.1782,35.225,35.175,26.525,3.762935089369708,3.7700282752120646
49.3065,34.925,34.85,26.200000000000003,3.8058991436726934,3.8167938931297707
52.4582,35.0,34.875,26.225,3.7950664136622394,3.8131553860819833
55.5953,35.275,35.0,26.35,3.755868544600939,3.7950664136622394
58.665,34.575,34.675,26.025,3.8572806171648986,3.842459173871278
61.6946,35.075,34.925,26.275,3.7842951750236518,3.8058991436726934
64.7741,35.1,34.875,26.225,3.7807183364839316,3.8131553860819833
67.9375,34.725,34.675,26.025,3.8350910834132312,3.842459173871278
71.1205,34.85,34.875,26.225,3.8167938931297707,3.8131553860819833
74.2194,35.025,34.85,26.200000000000003,3.7914691943127967,3.8167938931297707
77.2638,34.4,34.725,26.075000000000003,3.883495145631068,3.8350910834132312
80.3481,34.85,34.65,26.0,3.8167938931297707,3.8461538461538467
83.4832,35.025,35.05,26.4,3.7914691943127967,3.7878787878787885
86.6437,34.45,34.55,25.9,3.8759689922480614,3.8610038610038617
89.7983,34.775,34.725,26.075000000000003,3.8277511961722492,3.8350910834132312
92.952,35.0,34.7,26.050000000000004,3.7950664136622394,3.838771593090211
96.0979,34.55,34.475,25.825000000000003,3.8610038610038617,3.8722168441432725
99.2876,34.7,34.575,25.925000000000004,3.838771593090211,3.8572806171648986
102.413,34.575,34.45,25.800000000000004,3.8572806171648986,3.8759689922480614
105.448,34.15,34.475,25.825000000000003,3.9215686274509807,3.8722168441432725
108.582,34.45,34.425,25.775,3.8759689922480614,3.8797284190106702
111.746,34.5,34.275,25.625,3.8684719535783367,3.9024390243902443
114.872,34.225,34.175,25.525,3.9100684261974585,3.9177277179236047
118.018,34.625,34.525,25.875,3.8498556304138596,3.864734299516909
121.152,34.45,34.4,25.75,3.8759689922480614,3.883495145631068
124.208,34.4,34.35,25.700000000000003,3.883495145631068,3.8910505836575875
127.262,33.975,34.375,25.725,3.948667324777887,3.887269193391642
130.427,34.25,34.35,25.700000000000003,3.9062500000000004,3.8910505836575875
133.595,34.2,34.0,25.35,3.9138943248532287,3.9447731755424065
136.733,33.975,33.9,25.25,3.948667324777887,3.960396039603961
139.893,33.975,34.025,25.375,3.948667324777887,3.9408866995073897
143.031,33.775,33.775,25.125,3.9800995024875627,3.9800995024875627
146.134,33.475,33.725,25.075000000000003,4.028197381671702,3.9880358923230306
149.191,33.3,33.725,25.075000000000003,4.056795131845843,3.9880358923230306
152.251,33.625,33.675,25.025,4.004004004004004,3.9960039960039966
155.334,33.275,33.625,24.975,4.060913705583757,4.004004004004004
158.412,33.775,33.7,25.050000000000004,3.9800995024875627,3.992015968063872
161.557,33.7,33.5,24.85,3.992015968063872,4.0241448692152915
164.718,33.475,33.4,24.75,4.028197381671702,4.040404040404041
167.842,33.25,33.325,24.675000000000004,4.065040650406504,4.052684903748733
170.972,33.5,33.5,24.85,4.0241448692152915,4.0241448692152915
174.072,33.2,33.4,24.75,4.0733197556008145,4.040404040404041
177.972,33.325,33.225,24.575000000000003,4.052684903748733,4.069175991861648
181.916,33.325,33.25,24.6,4.052684903748733,4.065040650406504
185.018,33.15,33.075,24.425000000000004,4.0816326530612255,4.094165813715455
188.083,33.15,33.075,24.425000000000004,4.0816326530612255,4.094165813715455
191.143,33.05,33.0,24.35,4.098360655737706,4.106776180698152
194.187,33.025,33.075,24.425000000000004,4.102564102564102,4.094165813715455
197.255,32.975,32.95,24.300000000000004,4.110996916752312,4.11522633744856
200.349,33.2,33.25,24.6,4.0733197556008145,4.065040650406504
203.49,32.825,32.8,24.15,4.136504653567735,4.140786749482403
206.641,33.025,32.9,24.25,4.102564102564102,4.123711340206186
209.718,32.95,33.0,24.35,4.11522633744856,4.106776180698152
212.77,32.85,32.975,24.325000000000003,4.132231404958677,4.110996916752312
215.812,32.95,32.85,24.200000000000003,4.11522633744856,4.132231404958677
218.849,32.175,32.6,23.950000000000003,4.250797024442084,4.175365344467641
221.905,32.1,31.925,23.275,4.264392324093817,4.296455424274973
224.943,32.6,32.5,23.85,4.175365344467641,4.1928721174004195
228.011,32.625,32.675,24.025,4.1710114702815435,4.162330905306972
232.054,32.625,32.475,23.825000000000003,4.1710114702815435,4.197271773347324
236.093,32.5,32.45,23.800000000000004,4.1928721174004195,4.201680672268907
239.176,32.35,32.2,23.550000000000004,4.219409282700423,4.246284501061571
242.208,32.325,32.225,23.575000000000003,4.2238648363252365,4.241781548250265
245.24,32.275,32.325,23.675000000000004,4.232804232804233,4.2238648363252365
248.375,31.675,32.3,23.65,4.343105320304018,4.228329809725159
251.531,32.2,32.2,23.550000000000004,4.246284501061571,4.246284501061571
255.522,32.275,32.075,23.425000000000004,4.232804232804233,4.268943436499466
259.549,32.1,32.0,23.35,4.264392324093817,4.282655246252677
262.746,31.8,32.05,23.4,4.319654427645789,4.273504273504274
265.908,32.0,31.975,23.325000000000003,4.282655246252677,4.287245444801715
269.038,31.9,31.85,23.200000000000003,4.301075268817204,4.310344827586206
272.195,32.025,31.825,23.174999999999997,4.2780748663101615,4.314994606256743
275.382,31.7,31.65,23.0,4.338394793926249,4.347826086956522
278.498,31.575,31.725,23.075000000000003,4.362050163576883,4.333694474539545
281.569,31.95,31.9,23.25,4.291845493562232,4.301075268817204
284.688,31.875,31.825,23.174999999999997,4.3057050592034445,4.314994606256743
287.81,31.625,31.65,23.0,4.352557127312296,4.347826086956522
291.713,31.675,31.8,23.15,4.343105320304018,4.319654427645789
296.179,31.65,31.725,23.075000000000003,4.347826086956522,4.333694474539545
299.85,31.6,31.275,22.625,4.357298474945534,4.419889502762431
302.921,31.525,31.475,22.825000000000003,4.371584699453552,4.381161007667031
305.993,31.55,31.575,22.924999999999997,4.366812227074237,4.362050163576883
309.115,31.525,31.5,22.85,4.371584699453552,4.37636761487965
312.267,31.45,31.325,22.674999999999997,4.385964912280703,4.410143329658215
315.353,31.325,31.375,22.725,4.410143329658215,4.400440044004401
318.407,31.275,31.225,22.575000000000003,4.419889502762431,4.4296788482834994
321.914,31.075,31.0,22.35,4.459308807134895,4.47427293064877
325.427,31.05,31.15,22.5,4.464285714285714,4.4444444444444455
328.503,31.2,31.125,22.475,4.43458980044346,4.449388209121246
331.626,31.25,31.275,22.625,4.424778761061947,4.419889502762431
334.814,31.025,31.325,22.674999999999997,4.4692737430167595,4.410143329658215
337.908,30.925,30.925,22.275,4.489337822671158,4.489337822671158
340.931,30.95,30.9,22.25,4.4843049327354265,4.49438202247191
343.958,31.025,31.05,22.4,4.4692737430167595,4.464285714285714
347.003,30.975,30.95,22.299999999999997,4.479283314669653,4.4843049327354265
350.117,31.0,31.0,22.35,4.47427293064877,4.47427293064877
353.2,30.825,31.025,22.375,4.50958286358512,4.4692737430167595
356.229,30.875,30.875,22.225,4.499437570303712,4.499437570303712
359.288,30.825,30.4,21.75,4.50958286358512,4.597701149425287
362.435,30.5,30.725,22.075000000000003,4.576659038901602,4.530011325028313
365.591,30.775,30.8,22.15,4.519774011299435,4.5146726862302495
368.713,30.6,30.55,21.9,4.555808656036446,4.566210045662101
371.803,30.625,30.875,22.225,4.550625711035268,4.499437570303712
374.88,30.75,30.85,22.200000000000003,4.524886877828054,4.504504504504505
378.37,30.6,30.675,22.025,4.555808656036446,4.540295119182748
381.859,30.575,30.65,22.0,4.561003420752566,4.545454545454546
385.008,30.65,30.4,21.75,4.545454545454546,4.597701149425287
388.184,30.375,30.55,21.9,4.602991944764097,4.566210045662101
391.27,30.225,30.5,21.85,4.634994206257241,4.576659038901602
394.302,30.425,30.55,21.9,4.5924225028702645,4.566210045662101
397.338,30.225,30.35,21.700000000000003,4.634994206257241,4.608294930875576
400.381,30.475,30.45,21.799999999999997,4.581901489117984,4.587155963302754
403.525,30.3,30.225,21.575000000000003,4.618937644341802,4.634994206257241
406.678,30.325,30.375,21.725,4.613610149942331,4.602991944764097
409.827,30.35,30.35,21.700000000000003,4.608294930875576,4.608294930875576
412.963,30.175,30.025,21.375,4.64576074332172,4.678362573099417
416.094,30.175,30.2,21.549999999999997,4.64576074332172,4.640371229698377
419.245,30.1,30.0,21.35,4.662004662004661,4.683840749414521
422.303,30.15,30.2,21.549999999999997,4.651162790697676,4.640371229698377
425.371,29.925,29.975,21.325000000000003,4.700352526439484,4.6893317702227435
428.526,30.125,30.125,21.475,4.656577415599534,4.656577415599534
431.652,29.775,30.05,21.4,4.733727810650889,4.672897196261682
434.723,29.975,30.05,21.4,4.6893317702227435,4.672897196261682
437.793,30.0,29.85,21.200000000000003,4.683840749414521,4.716981132075472
440.836,29.875,29.95,21.299999999999997,4.7114252061248525,4.694835680751175
443.859,30.025,30.0,21.35,4.678362573099417,4.683840749414521
446.925,29.85,29.875,21.225,4.716981132075472,4.7114252061248525
450.051,29.925,29.8,21.15,4.700352526439484,4.728132387706856
453.171,29.975,29.975,21.325000000000003,4.6893317702227435,4.6893317702227435
456.222,29.7,29.75,21.1,4.75059382422803,4.739336492890995
459.314,29.6,29.65,21.0,4.77326968973747,4.761904761904763
462.434,29.875,29.725,21.075000000000003,4.7114252061248525,4.744958481613286
465.559,28.075,29.7,21.049999999999997,5.148005148005149,4.75059382422803
468.748,29.775,29.7,21.049999999999997,4.733727810650889,4.75059382422803
471.9,29.675,29.45,20.799999999999997,4.756242568370988,4.807692307692308
474.977,29.55,29.6,20.950000000000003,4.784688995215312,4.77326968973747
478.101,29.575,29.65,21.0,4.778972520908006,4.761904761904763
481.24,29.6,29.525,20.875,4.77326968973747,4.790419161676647
484.309,29.5,29.5,20.85,4.796163069544365,4.796163069544365
487.387,29.6,29.55,20.9,4.77326968973747,4.784688995215312
490.5,29.4,29.325,20.674999999999997,4.819277108433735,4.836759371221283
493.594,29.575,29.475,20.825000000000003,4.778972520908006,4.801920768307323
496.729,29.425,29.375,20.725,4.8134777376654645,4.825090470446321
499.911,29.4,29.375,20.725,4.819277108433735,4.825090470446321
503.067,29.45,29.375,20.725,4.807692307692308,4.825090470446321
506.23,29.35,29.4,20.75,4.8309178743961345,4.819277108433735
509.388,29.325,29.375,20.725,4.836759371221283,4.825090470446321
512.53,29.35,29.475,20.825000000000003,4.8309178743961345,4.801920768307323
515.661,29.35,29.4,20.75,4.8309178743961345,4.819277108433735
518.837,29.375,29.325,20.674999999999997,4.825090470446321,4.836759371221283
522.778,29.4,29.25,20.6,4.819277108433735,4.8543689320388355
526.696,29.225,29.2,20.549999999999997,4.860267314702309,4.8661800486618025
529.825,29.15,29.175,20.525,4.878048780487805,4.872107186358101
532.882,29.275,29.225,20.575000000000003,4.848484848484849,4.860267314702309
535.92,29.05,29.0,20.35,4.901960784313727,4.914004914004914
538.978,29.1,29.0,20.35,4.889975550122249,4.914004914004914
542.041,29.225,29.1,20.450000000000003,4.860267314702309,4.889975550122249
545.118,29.125,29.1,20.450000000000003,4.8840048840048835,4.889975550122249
548.281,29.0,28.875,20.225,4.914004914004914,4.944375772558715
551.45,29.1,29.0,20.35,4.889975550122249,4.914004914004914
554.51,29.2,29.075,20.424999999999997,4.8661800486618025,4.895960832313342
557.614,28.875,29.05,20.4,4.944375772558715,4.901960784313727
560.795,28.95,28.825,20.174999999999997,4.926108374384238,4.9566294919454785
563.932,29.0,28.975,20.325000000000003,4.914004914004914,4.920049200492004
567.009,28.875,28.85,20.200000000000003,4.944375772558715,4.95049504950495
570.067,28.925,28.975,20.325000000000003,4.932182490752159,4.920049200492004
573.192,29.0,28.825,20.174999999999997,4.914004914004914,4.9566294919454785
576.328,29.075,28.95,20.299999999999997,4.895960832313342,4.926108374384238
579.435,28.8,28.925,20.275,4.962779156327544,4.932182490752159
582.5,28.925,28.7,20.049999999999997,4.932182490752159,4.9875311720698265
585.515,28.925,28.875,20.225,4.932182490752159,4.944375772558715
588.587,28.7,28.65,20.0,4.9875311720698265,5.000000000000001
591.672,28.8,28.7,20.049999999999997,4.962779156327544,4.9875311720698265
594.787,28.825,28.6,19.950000000000003,4.9566294919454785,5.012531328320803
597.93,28.7,28.6,19.950000000000003,4.9875311720698265,5.012531328320803
601.042,28.75,28.65,20.0,4.975124378109452,5.000000000000001
604.188,28.775,28.775,20.125,4.968944099378883,4.968944099378883
607.349,28.7,28.825,20.174999999999997,4.9875311720698265,4.9566294919454785
610.436,28.625,28.775,20.125,5.006257822277847,4.968944099378883
613.472,28.775,28.65,20.0,4.968944099378883,5.000000000000001
616.539,28.725,28.75,20.1,4.9813200498132,4.975124378109452
619.695,28.65,28.675,20.025,5.000000000000001,4.9937578027465666
622.892,28.625,28.575,19.924999999999997,5.006257822277847,5.018820577164368
626.034,28.4,28.325,19.674999999999997,5.063291139240507,5.082592121982212
629.137,28.525,28.4,19.75,5.031446540880504,5.063291139240507
632.194,28.55,28.575,19.924999999999997,5.025125628140704,5.018820577164368
635.244,28.575,28.5,19.85,5.018820577164368,5.037783375314862
638.377,28.6,28.375,19.725,5.012531328320803,5.069708491761724
641.476,28.475,28.45,19.799999999999997,5.044136191677175,5.050505050505051
644.524,28.475,28.375,19.725,5.044136191677175,5.069708491761724
647.67,28.55,28.475,19.825000000000003,5.025125628140704,5.044136191677175
650.837,28.65,28.25,19.6,5.000000000000001,5.1020408163265305
654.023,28.15,28.225,19.575000000000003,5.128205128205129,5.108556832694763
657.151,28.5,28.225,19.575000000000003,5.037783375314862,5.108556832694763
660.21,28.4,28.225,19.575000000000003,5.063291139240507,5.108556832694763
663.357,28.25,28.325,19.674999999999997,5.1020408163265305,5.082592121982212
666.541,28.275,28.425,19.775,5.095541401273886,5.056890012642226
669.633,28.35,28.225,19.575000000000003,5.0761421319796955,5.108556832694763
672.696,28.175,28.275,19.625,5.1216389244558265,5.095541401273886
675.847,28.3,28.3,19.65,5.08905852417303,5.08905852417303
678.948,28.35,28.15,19.5,5.0761421319796955,5.128205128205129
681.997,28.325,28.25,19.6,5.082592121982212,5.1020408163265305
685.14,28.2,28.125,19.475,5.115089514066497,5.134788189987163
688.319,28.25,28.25,19.6,5.1020408163265305,5.1020408163265305
691.439,28.3,28.15,19.5,5.08905852417303,5.128205128205129
694.562,28.325,28.1,19.450000000000003,5.082592121982212,5.141388174807198
697.716,28.325,28.1,19.450000000000003,5.082592121982212,5.141388174807198
700.86,28.275,28.05,19.4,5.095541401273886,5.154639175257733
704.021,28.3,28.075,19.424999999999997,5.08905852417303,5.148005148005149
707.132,28.1,28.05,19.4,5.141388174807198,5.154639175257733
710.174,28.225,28.1,19.450000000000003,5.108556832694763,5.141388174807198
713.277,28.15,28.0,19.35,5.128205128205129,5.167958656330749
716.411,28.225,28.15,19.5,5.108556832694763,5.128205128205129
719.559,28.125,28.05,19.4,5.134788189987163,5.154639175257733
722.72,28.175,27.975,19.325000000000003,5.1216389244558265,5.174644243208279
725.808,28.0,27.95,19.299999999999997,5.167958656330749,5.181347150259069
728.934,28.125,28.05,19.4,5.134788189987163,5.154639175257733
732.08,28.15,28.05,19.4,5.128205128205129,5.154639175257733
735.242,28.125,28.0,19.35,5.134788189987163,5.167958656330749
738.454,28.125,27.975,19.325000000000003,5.134788189987163,5.174644243208279
741.595,28.075,27.85,19.200000000000003,5.148005148005149,5.208333333333333
744.643,28.075,27.925,19.275,5.148005148005149,5.1880674448767845
747.674,28.05,27.875,19.225,5.154639175257733,5.201560468140443
750.712,28.125,27.825,19.174999999999997,5.134788189987163,5.2151238591916576
753.757,28.0,27.925,19.275,5.167958656330749,5.1880674448767845
756.84,27.975,27.925,19.275,5.174644243208279,5.1880674448767845
759.913,28.075,27.9,19.25,5.148005148005149,5.194805194805196
762.975,27.95,27.875,19.225,5.181347150259069,5.201560468140443
766.043,28.0,27.8,19.15,5.167958656330749,5.221932114882508
769.188,27.925,27.8,19.15,5.1880674448767845,5.221932114882508
772.38,27.85,27.775,19.125,5.208333333333333,5.2287581699346415
775.526,27.925,27.75,19.1,5.1880674448767845,5.2356020942408374
778.644,27.85,27.725,19.075000000000003,5.208333333333333,5.242463958060288
781.799,28.0,27.85,19.200000000000003,5.167958656330749,5.208333333333333
784.978,27.9,27.775,19.125,5.194805194805196,5.2287581699346415
788.149,27.925,27.875,19.225,5.1880674448767845,5.201560468140443
791.324,27.8,27.8,19.15,5.221932114882508,5.221932114882508
794.457,27.875,27.775,19.125,5.201560468140443,5.2287581699346415
797.593,27.95,27.775,19.125,5.181347150259069,5.2287581699346415
800.765,27.925,27.725,19.075000000000003,5.1880674448767845,5.242463958060288
803.933,27.875,27.75,19.1,5.201560468140443,5.2356020942408374
807.067,27.8,27.725,19.075000000000003,5.221932114882508,5.242463958060288
810.191,27.925,27.65,19.0,5.1880674448767845,5.263157894736843
813.259,27.8,27.725,19.075000000000003,5.221932114882508,5.242463958060288
816.319,27.85,27.75,19.1,5.208333333333333,5.2356020942408374
819.467,27.8,27.65,19.0,5.221932114882508,5.263157894736843
822.588,27.8,27.65,19.0,5.221932114882508,5.263157894736843
825.719,27.725,27.7,19.049999999999997,5.242463958060288,5.249343832020999
828.881,27.725,27.55,18.9,5.242463958060288,5.291005291005292
832.044,27.675,27.675,19.025,5.2562417871222085,5.2562417871222085
835.197,27.75,27.6,18.950000000000003,5.2356020942408374,5.277044854881265
838.369,27.775,27.7,19.049999999999997,5.2287581699346415,5.249343832020999
841.505,27.725,27.625,18.975,5.242463958060288,5.270092226613966
844.553,27.65,27.55,18.9,5.263157894736843,5.291005291005292
847.664,27.65,27.6,18.950000000000003,5.263157894736843,5.277044854881265
850.825,27.8,27.625,18.975,5.221932114882508,5.270092226613966
853.956,27.6,27.525,18.875,5.277044854881265,5.298013245033114
857.022,27.7,27.525,18.875,5.249343832020999,5.298013245033114
860.064,27.65,27.675,19.025,5.263157894736843,5.2562417871222085
863.141,27.625,27.55,18.9,5.270092226613966,5.291005291005292
866.195,27.575,27.55,18.9,5.284015852047558,5.291005291005292
869.267,27.675,27.525,18.875,5.2562417871222085,5.298013245033114
872.406,27.6,27.6,18.950000000000003,5.277044854881265,5.277044854881265
875.561,27.55,27.45,18.799999999999997,5.291005291005292,5.3191489361702144
878.695,27.525,27.475,18.825000000000003,5.298013245033114,5.312084993359893
881.841,27.575,27.375,18.725,5.284015852047558,5.340453938584779
885.049,27.525,27.4,18.75,5.298013245033114,5.333333333333334
888.182,27.575,27.45,18.799999999999997,5.284015852047558,5.3191489361702144
891.289,27.525,27.35,18.700000000000003,5.298013245033114,5.347593582887701
894.462,27.5,27.325,18.674999999999997,5.305039787798409,5.354752342704152
897.592,27.55,27.475,18.825000000000003,5.291005291005292,5.312084993359893
900.708,27.525,27.4,18.75,5.298013245033114,5.333333333333334
903.891,27.525,27.45,18.799999999999997,5.298013245033114,5.3191489361702144
907.016,27.575,27.4,18.75,5.284015852047558,5.333333333333334
910.092,27.625,27.375,18.725,5.270092226613966,5.340453938584779
913.245,27.45,27.325,18.674999999999997,5.3191489361702144,5.354752342704152
916.392,27.45,27.35,18.700000000000003,5.3191489361702144,5.347593582887701
919.532,27.5,27.375,18.725,5.305039787798409,5.340453938584779
922.703,27.45,27.35,18.700000000000003,5.3191489361702144,5.347593582887701
925.872,27.425,27.275,18.625,5.326231691078562,5.369127516778525
929.022,27.45,27.275,18.625,5.3191489361702144,5.369127516778525
932.167,27.425,27.3,18.65,5.326231691078562,5.361930294906166
935.313,27.375,27.45,18.799999999999997,5.340453938584779,5.3191489361702144
938.465,27.375,27.225,18.575000000000003,5.340453938584779,5.383580080753702
941.635,27.5,27.275,18.625,5.305039787798409,5.369127516778525
944.742,27.45,27.35,18.700000000000003,5.3191489361702144,5.347593582887701
947.765,27.325,27.3,18.65,5.354752342704152,5.361930294906166
950.806,27.425,27.3,18.65,5.326231691078562,5.361930294906166
953.889,27.35,27.275,18.625,5.347593582887701,5.369127516778525
957.045,27.325,27.25,18.6,5.354752342704152,5.376344086021505
960.197,27.275,27.15,18.5,5.369127516778525,5.405405405405406
963.306,27.45,27.35,18.700000000000003,5.3191489361702144,5.347593582887701
966.46,27.4,27.3,18.65,5.333333333333334,5.361930294906166
969.569,27.4,27.3,18.65,5.333333333333334,5.361930294906166
972.641,27.375,27.25,18.6,5.340453938584779,5.376344086021505
975.806,27.375,27.175,18.525,5.340453938584779,5.398110661268557
978.946,27.325,27.225,18.575000000000003,5.354752342704152,5.383580080753702
982.102,27.3,27.275,18.625,5.361930294906166,5.369127516778525
985.297,27.325,27.225,18.575000000000003,5.354752342704152,5.383580080753702
988.432,27.3,27.1,18.450000000000003,5.361930294906166,5.420054200542006
991.581,27.475,27.175,18.525,5.312084993359893,5.398110661268557
994.717,27.375,27.25,18.6,5.340453938584779,5.376344086021505
997.776,27.25,27.15,18.5,5.376344086021505,5.405405405405406
1000.83,27.225,27.15,18.5,5.383580080753702,5.405405405405406
1003.91,27.2,27.15,18.5,5.390835579514826,5.405405405405406
1006.97,27.35,27.175,18.525,5.347593582887701,5.398110661268557
1010.03,27.3,27.175,18.525,5.361930294906166,5.398110661268557
1013.06,27.3,27.175,18.525,5.361930294906166,5.398110661268557
1016.11,27.35,27.2,18.549999999999997,5.347593582887701,5.390835579514826
1019.24,27.375,27.225,18.575000000000003,5.340453938584779,5.383580080753702
1022.45,27.3,27.2,18.549999999999997,5.361930294906166,5.390835579514826
1025.61,27.4,27.275,18.625,5.333333333333334,5.369127516778525
1028.66,27.3,27.125,18.475,5.361930294906166,5.412719891745602
1031.7,27.275,27.15,18.5,5.369127516778525,5.405405405405406
1034.75,27.3,27.15,18.5,5.361930294906166,5.405405405405406
1037.78,27.3,27.225,18.575000000000003,5.361930294906166,5.383580080753702
1040.85,27.175,27.125,18.475,5.398110661268557,5.412719891745602
1043.98,27.3,27.175,18.525,5.361930294906166,5.398110661268557
1047.11,27.3,27.125,18.475,5.361930294906166,5.412719891745602
1050.21,27.225,27.125,18.475,5.383580080753702,5.412719891745602
1053.26,27.3,27.125,18.475,5.361930294906166,5.412719891745602
1056.3,27.3,27.15,18.5,5.361930294906166,5.405405405405406
1059.4,27.3,27.225,18.575000000000003,5.361930294906166,5.383580080753702
1062.54,27.325,27.075,18.424999999999997,5.354752342704152,5.42740841248304
1065.67,27.3,27.075,18.424999999999997,5.361930294906166,5.42740841248304
1068.87,27.225,27.15,18.5,5.383580080753702,5.405405405405406
1072.03,27.2,27.1,18.450000000000003,5.390835579514826,5.420054200542006
1075.17,27.375,27.25,18.6,5.340453938584779,5.376344086021505
1078.35,27.275,27.15,18.5,5.369127516778525,5.405405405405406
1081.46,27.2,27.075,18.424999999999997,5.390835579514826,5.42740841248304
1084.6,27.325,27.1,18.450000000000003,5.354752342704152,5.420054200542006
1087.74,27.275,27.2,18.549999999999997,5.369127516778525,5.390835579514826
1090.9,27.25,27.125,18.475,5.376344086021505,5.412719891745602
1094.06,27.275,27.075,18.424999999999997,5.369127516778525,5.42740841248304
1097.2,27.3,27.25,18.6,5.361930294906166,5.376344086021505
1100.37,27.25,27.125,18.475,5.376344086021505,5.412719891745602
1103.51,27.25,27.125,18.475,5.376344086021505,5.412719891745602
1106.6,27.275,27.125,18.475,5.369127516778525,5.412719891745602
1109.68,27.25,27.15,18.5,5.376344086021505,5.405405405405406
1112.79,27.325,27.2,18.549999999999997,5.354752342704152,5.390835579514826
1115.95,27.275,27.15,18.5,5.369127516778525,5.405405405405406
1119.07,27.3,27.175,18.525,5.361930294906166,5.398110661268557
1122.12,27.225,27.2,18.549999999999997,5.383580080753702,5.390835579514826
1125.18,27.325,27.125,18.475,5.354752342704152,5.412719891745602
1128.25,27.3,27.125,18.475,5.361930294906166,5.412719891745602
1131.3,27.325,27.15,18.5,5.354752342704152,5.405405405405406
1134.32,27.25,27.175,18.525,5.376344086021505,5.398110661268557
1137.35,27.2,27.1,18.450000000000003,5.390835579514826,5.420054200542006
1140.38,27.275,27.075,18.424999999999997,5.369127516778525,5.42740841248304
1143.4,27.35,27.1,18.450000000000003,5.347593582887701,5.420054200542006
1146.43,27.325,27.15,18.5,5.354752342704152,5.405405405405406
1149.5,27.25,27.075,18.424999999999997,5.376344086021505,5.42740841248304
1152.55,27.275,27.175,18.525,5.369127516778525,5.398110661268557
1155.62,27.2,27.075,18.424999999999997,5.390835579514826,5.42740841248304
1158.72,27.3,27.1,18.450000000000003,5.361930294906166,5.420054200542006
1161.8,27.225,27.2,18.549999999999997,5.383580080753702,5.390835579514826
1164.86,27.225,27.075,18.424999999999997,5.383580080753702,5.42740841248304
1167.91,27.125,27.1,18.450000000000003,5.412719891745602,5.420054200542006
1171.02,27.25,27.075,18.424999999999997,5.376344086021505,5.42740841248304
1174.14,27.2,27.175,18.525,5.390835579514826,5.398110661268557
1177.21,27.275,27.075,18.424999999999997,5.369127516778525,5.42740841248304
1180.32,27.15,27.0,18.35,5.405405405405406,5.449591280653951
1183.49,27.175,27.1,18.450000000000003,5.398110661268557,5.420054200542006
1186.67,27.15,27.025,18.375,5.405405405405406,5.4421768707483
1189.81,27.25,27.1,18.450000000000003,5.376344086021505,5.420054200542006
1192.95,27.175,27.1,18.450000000000003,5.398110661268557,5.420054200542006
1196.04,27.225,27.0,18.35,5.383580080753702,5.449591280653951
1199.11,27.325,27.125,18.475,5.354752342704152,5.412719891745602
1202.17,27.2,27.2,18.549999999999997,5.390835579514826,5.390835579514826
1205.29,27.175,27.025,18.375,5.398110661268557,5.4421768707483
1208.43,27.2,27.1,18.450000000000003,5.390835579514826,5.420054200542006
1211.57,27.175,27.075,18.424999999999997,5.398110661268557,5.42740841248304
1214.69,27.15,26.975,18.325000000000003,5.405405405405406,5.457025920873124
1217.75,27.125,27.0,18.35,5.412719891745602,5.449591280653951
1220.89,27.25,27.025,18.375,5.376344086021505,5.4421768707483
1224.04,27.225,27.125,18.475,5.383580080753702,5.412719891745602
1227.12,27.2,27.075,18.424999999999997,5.390835579514826,5.42740841248304
1230.27,27.175,27.05,18.4,5.398110661268557,5.434782608695654
1233.42,27.15,27.025,18.375,5.405405405405406,5.4421768707483
1236.55,27.15,27.125,18.475,5.405405405405406,5.412719891745602
1239.62,27.2,27.0,18.35,5.390835579514826,5.449591280653951
1242.68,27.1,27.1,18.450000000000003,5.420054200542006,5.420054200542006
1245.82,27.1,27.075,18.424999999999997,5.420054200542006,5.42740841248304
1249.03,27.175,26.925,18.275,5.398110661268557,5.471956224350206
1252.14,27.2,26.925,18.275,5.390835579514826,5.471956224350206
1255.2,27.125,27.0,18.35,5.412719891745602,5.449591280653951
1258.34,27.1,26.975,18.325000000000003,5.420054200542006,5.457025920873124
1261.5,27.175,26.95,18.299999999999997,5.398110661268557,5.464480874316941
1264.66,27.15,26.95,18.299999999999997,5.405405405405406,5.464480874316941
1267.8,27.2,26.925,18.275,5.390835579514826,5.471956224350206
1270.91,27.15,26.975,18.325000000000003,5.405405405405406,5.457025920873124
1274.0,27.05,26.875,18.225,5.434782608695654,5.486968449931413
1277.03,27.125,27.075,18.424999999999997,5.412719891745602,5.42740841248304
1280.07,27.1,26.9,18.25,5.420054200542006,5.479452054794521
1283.13,27.1,26.95,18.299999999999997,5.420054200542006,5.464480874316941
1286.21,27.125,27.0,18.35,5.412719891745602,5.449591280653951
1289.27,27.15,26.9,18.25,5.405405405405406,5.479452054794521
1292.3,27.1,26.9,18.25,5.420054200542006,5.479452054794521
1295.32,27.125,26.975,18.325000000000003,5.412719891745602,5.457025920873124
1298.35,27.1,26.95,18.299999999999997,5.420054200542006,5.464480874316941
1301.4,27.1,26.925,18.275,5.420054200542006,5.471956224350206
1304.55,27.075,26.925,18.275,5.42740841248304,5.471956224350206
1307.72,27.175,26.875,18.225,5.398110661268557,5.486968449931413
1310.83,27.1,26.925,18.275,5.420054200542006,5.471956224350206
1313.89,27.125,27.075,18.424999999999997,5.412719891745602,5.42740841248304
1316.95,27.025,26.925,18.275,5.4421768707483,5.471956224350206
1320.01,27.075,26.875,18.225,5.42740841248304,5.486968449931413
1323.03,27.1,26.9,18.25,5.420054200542006,5.479452054794521
1326.07,27.15,26.875,18.225,5.405405405405406,5.486968449931413
1329.1,27.075,26.9,18.25,5.42740841248304,5.479452054794521
1332.17,27.125,26.825,18.174999999999997,5.412719891745602,5.502063273727649
1335.24,27.1,26.9,18.25,5.420054200542006,5.479452054794521
1338.25,27.075,26.975,18.325000000000003,5.42740841248304,5.457025920873124
1341.35,26.975,26.925,18.275,5.457025920873124,5.471956224350206
1344.47,27.075,26.95,18.299999999999997,5.42740841248304,5.464480874316941
1347.62,27.05,26.875,18.225,5.434782608695654,5.486968449931413
1350.83,27.1,26.975,18.325000000000003,5.420054200542006,5.457025920873124
1353.97,27.05,26.925,18.275,5.434782608695654,5.471956224350206
1357.06,27.125,26.95,18.299999999999997,5.412719891745602,5.464480874316941
1360.13,27.1,27.0,18.35,5.420054200542006,5.449591280653951
1363.18,27.05,26.8,18.15,5.434782608695654,5.5096418732782375
1366.31,27.05,26.85,18.200000000000003,5.434782608695654,5.4945054945054945
1369.48,27.1,26.85,18.200000000000003,5.420054200542006,5.4945054945054945
1372.55,27.025,26.875,18.225,5.4421768707483,5.486968449931413
1375.6,27.075,26.925,18.275,5.42740841248304,5.471956224350206
1378.72,27.0,26.9,18.25,5.449591280653951,5.479452054794521
1381.84,27.025,26.925,18.275,5.4421768707483,5.471956224350206
1384.88,27.1,26.925,18.275,5.420054200542006,5.471956224350206
1387.98,27.075,26.875,18.225,5.42740841248304,5.486968449931413
1391.16,27.125,26.95,18.299999999999997,5.412719891745602,5.464480874316941
1394.34,27.1,26.95,18.299999999999997,5.420054200542006,5.464480874316941
1397.49,27.1,26.825,18.174999999999997,5.420054200542006,5.502063273727649
1400.65,27.075,26.975,18.325000000000003,5.42740841248304,5.457025920873124
1403.79,27.075,26.875,18.225,5.42740841248304,5.486968449931413
1406.85,27.1,26.9,18.25,5.420054200542006,5.479452054794521
1409.9,27.125,26.9,18.25,5.412719891745602,5.479452054794521
1412.95,27.025,26.85,18.200000000000003,5.4421768707483,5.4945054945054945
1415.98,27.075,26.925,18.275,5.42740841248304,5.471956224350206
1419.02,27.075,26.875,18.225,5.42740841248304,5.486968449931413
1422.04,27.05,26.975,18.325000000000003,5.434782608695654,5.457025920873124
1425.1,27.1,26.925,18.275,5.420054200542006,5.471956224350206
1428.19,27.1,26.95,18.299999999999997,5.420054200542006,5.464480874316941
1431.28,27.025,26.85,18.200000000000003,5.4421768707483,5.4945054945054945
1434.43,27.075,26.875,18.225,5.42740841248304,5.486968449931413
1437.58,27.075,26.85,18.200000000000003,5.42740841248304,5.4945054945054945
1440.71,27.025,26.9,18.25,5.4421768707483,5.479452054794521
1443.86,27.0,26.875,18.225,5.449591280653951,5.486968449931413
1447.03,27.1,26.825,18.174999999999997,5.420054200542006,5.502063273727649
1450.2,27.05,26.95,18.299999999999997,5.434782608695654,5.464480874316941
1453.33,27.05,26.9,18.25,5.434782608695654,5.479452054794521
1456.51,27.075,26.875,18.225,5.42740841248304,5.486968449931413
1459.64,27.075,26.825,18.174999999999997,5.42740841248304,5.502063273727649
1462.7,27.1,26.975,18.325000000000003,5.420054200542006,5.457025920873124
1465.83,27.1,27.0,18.35,5.420054200542006,5.449591280653951
1469.05,27.125,26.925,18.275,5.412719891745602,5.471956224350206
1472.2,27.125,26.925,18.275,5.412719891745602,5.471956224350206
1475.27,27.075,26.85,18.200000000000003,5.42740841248304,5.4945054945054945
1478.32,27.075,27.025,18.375,5.42740841248304,5.4421768707483
1481.33,27.1,26.925,18.275,5.420054200542006,5.471956224350206
1484.37,27.225,27.0,18.35,5.383580080753702,5.449591280653951
1487.4,27.1,27.025,18.375,5.420054200542006,5.4421768707483
1490.48,27.1,26.9,18.25,5.420054200542006,5.479452054794521
1493.61,27.1,27.0,18.35,5.420054200542006,5.449591280653951
1496.76,27.075,26.85,18.200000000000003,5.42740841248304,5.4945054945054945
1499.89,27.075,26.925,18.275,5.42740841248304,5.471956224350206
1503.02,27.075,26.925,18.275,5.42740841248304,5.471956224350206
1506.17,27.175,26.95,18.299999999999997,5.398110661268557,5.464480874316941
1509.33,27.1,26.875,18.225,5.420054200542006,5.486968449931413
1512.45,27.1,26.925,18.275,5.420054200542006,5.471956224350206
1515.48,27.1,26.95,18.299999999999997,5.420054200542006,5.464480874316941
1518.51,27.1,26.825,18.174999999999997,5.420054200542006,5.502063273727649
1521.55,27.2,27.025,18.375,5.390835579514826,5.4421768707483
1524.62,27.075,27.05,18.4,5.42740841248304,5.434782608695654
1527.73,27.225,27.025,18.375,5.383580080753702,5.4421768707483
1530.89,27.15,26.975,18.325000000000003,5.405405405405406,5.457025920873124
1534.07,27.175,26.975,18.325000000000003,5.398110661268557,5.457025920873124
1537.25,27.2,27.0,18.35,5.390835579514826,5.449591280653951
1540.38,27.125,27.0,18.35,5.412719891745602,5.449591280653951
1543.44,27.15,27.025,18.375,5.405405405405406,5.4421768707483
1546.5,27.5,27.25,18.6,5.305039787798409,5.376344086021505
1549.63,27.25,27.175,18.525,5.376344086021505,5.398110661268557
1552.8,27.2,27.05,18.4,5.390835579514826,5.434782608695654
1555.97,27.175,27.0,18.35,5.398110661268557,5.449591280653951
1559.14,27.375,27.2,18.549999999999997,5.340453938584779,5.390835579514826
1562.27,27.75,27.45,18.799999999999997,5.2356020942408374,5.3191489361702144
1565.4,33.6,33.075,24.425000000000004,4.008016032064128,4.094165813715455
1568.53,47.85,44.3,35.65,2.5510204081632653,2.8050490883590466
1571.69,44.95,43.425,34.775,2.7548209366391183,2.875629043853343
1574.9,40.825,43.7,35.050000000000004,3.108003108003108,2.853067047075606
1578.06,44.15,43.525,34.875,2.816901408450705,2.8673835125448033
1581.2,44.1,43.275,34.625,2.8208744710860367,2.888086642599278
1584.28,44.275,40.825,32.175000000000004,2.8070175438596494,3.108003108003108
1587.31,43.95,43.225,34.575,2.832861189801699,2.892263195950832
1590.36,43.925,40.175,31.525,2.834868887313962,3.1720856463124516
1593.39,43.725,40.675,32.025,2.851033499643621,3.1225604996096803
1596.43,40.425,43.4,34.75,3.1471282454760034,2.877697841726619
1599.51,40.275,40.725,32.075,3.16205533596838,3.117692907248636
1602.6,39.575,43.75,35.1,3.2336297493936943,2.8490028490028494
1605.65,43.75,43.425,34.775,2.8490028490028494,2.875629043853343
1608.72,43.8,43.425,34.775,2.8449502133712667,2.875629043853343
1611.86,43.9,41.025,32.375,2.836879432624114,3.088803088803089
1614.99,40.925,43.2,34.550000000000004,3.098373353989156,2.894356005788712
1618.04,43.75,43.225,34.575,2.8490028490028494,2.892263195950832
1621.12,39.125,43.5,34.85,3.2813781788351113,2.8694404591104736
1624.27,44.125,43.125,34.475,2.818886539816772,2.9006526468455403
1627.38,38.875,40.125,31.475,3.3085194375516958,3.1771247021445594
1630.49,44.15,39.875,31.225,2.816901408450705,3.202562049639712
1633.67,43.95,40.475,31.825000000000003,2.832861189801699,3.1421838177533385
1636.81,44.15,43.3,34.65,2.816901408450705,2.8860028860028866
1639.95,40.35,40.15,31.5,3.154574132492114,3.174603174603175
1643.09,44.175,40.025,31.375,2.814919071076707,3.187250996015937
1646.24,38.925,40.325,31.675000000000004,3.303055326176714,3.1570639305445933
1649.42,39.4,43.15,34.5,3.252032520325204,2.8985507246376816
1652.54,40.975,39.675,31.025,3.093580819798918,3.2232070910556008
1655.69,43.625,39.975,31.325000000000003,2.8591851322373123,3.1923383878691136
1658.85,39.675,40.3,31.65,3.2232070910556008,3.1595576619273307
1661.97,43.5,40.25,31.6,2.8694404591104736,3.1645569620253164
1665.11,43.775,39.55,30.9,2.8469750889679717,3.236245954692557
1668.22,39.275,40.15,31.5,3.2653061224489797,3.174603174603175
1671.35,39.825,39.65,31.0,3.2076984763432232,3.2258064516129035
1674.48,39.425,40.5,31.85,3.249390739236394,3.139717425431711
1677.61,40.525,39.65,31.0,3.137254901960785,3.2258064516129035
1680.76,40.15,40.05,31.4,3.174603174603175,3.184713375796179
1683.82,40.325,40.275,31.625,3.1570639305445933,3.16205533596838
1686.88,43.725,43.3,34.65,2.851033499643621,2.8860028860028866
1690.02,39.35,43.225,34.575,3.257328990228013,2.892263195950832
1693.17,43.6,39.775,31.125,2.8612303290414878,3.2128514056224904
1696.33,43.6,43.3,34.65,2.8612303290414878,2.8860028860028866
1699.47,43.95,42.95,34.300000000000004,2.832861189801699,2.915451895043732
1702.53,43.65,43.35,34.7,2.857142857142857,2.881844380403458
1705.58,43.675,40.35,31.700000000000003,2.855103497501785,3.154574132492114
1708.68,39.625,40.525,31.875,3.228410008071025,3.137254901960785
1711.76,39.65,39.95,31.300000000000004,3.2258064516129035,3.194888178913738
1714.83,39.85,40.6,31.950000000000003,3.2051282051282057,3.1298904538341157
1717.91,43.6,40.35,31.700000000000003,2.8612303290414878,3.154574132492114
1720.94,43.9,40.025,31.375,2.836879432624114,3.187250996015937
1723.99,39.025,40.175,31.525,3.292181069958848,3.1720856463124516
1727.03,39.05,40.225,31.575000000000003,3.2894736842105265,3.1670625494853524
1730.12,43.65,43.225,34.575,2.857142857142857,2.892263195950832
